group,bmi_min,bmi_max,T_g,n_weight
1,23.7576810925,31.145959711264602,11.999999999999993,120.0
2,31.21748179,33.29128015052985,13.099999999999989,66.0
3,33.29489922428375,45.92884948,29.99999999999993,81.0
