group,bmi_min,bmi_max,T_g,n_weight
1,23.7576810925,30.773317568872177,11.999999999999993,101.0
2,30.83289383,33.90039448,12.59999999999999,102.0
3,33.984375,45.92884948,22.799999999999955,64.0
