group,bmi_min,bmi_max,T_g,n_weight
1,23.7576810925,31.8359375,12.399999999999991,141.0
2,31.9410087973409,33.772521155419255,15.899999999999979,60.0
3,33.79973360662695,35.133136095,22.09999999999996,28.0
4,35.208298195,45.92884948,25.199999999999946,38.0
