metric,value
AUC,0.795
AUPRC,0.6267680928157116
Brier,0.06620707177311169
Best a0,0.09999999999999999
Best a1,0.6000000000000001
tau_low,0.05
tau_high,0.6
Test cost,1.2350230414746544
FP,4.0
FN,8.0
Gray (abstain),52.0
Eval samples,165.0
